INSERT INTO namespaces
    (id,                                     code,                     parent_id,                              deleted, create_time,            update_time) VALUES
    ('00000000-0000-0000-0001-000000000000', 'namespace_000000000000', null,                                   false,   '2000-01-01T01:00:58Z', '2000-01-01T01:00:59Z'),
    ('00000000-0000-0000-0001-000000000001', 'namespace_000000000001', '00000000-0000-0000-0001-000000000000', false,   '2000-01-01T01:01:58Z', '2000-01-01T01:01:59Z'),
    ('00000000-0000-0000-0001-000000000002', 'namespace_000000000002', '00000000-0000-0000-0001-000000000001', false,   '2000-01-01T01:02:58Z', '2000-01-01T01:02:59Z'),

    -- Deleted namespace.
    ('00000000-0000-0000-0001-000000000003', 'namespace_000000000003', null,                                   true,    '2000-01-01T01:03:58Z', '2000-01-01T01:03:59Z');

INSERT INTO delivery_kinds
    (id,                                     code,                         namespace_id,                           host,                       disabled, deleted, create_time,            update_time) VALUES
    ('00000000-0000-0000-0002-000000000000', 'delivery_kind_000000000000', '00000000-0000-0000-0001-000000000000', '000000000000.example.com', false,    false,   '2000-01-01T02:00:58Z', '2000-01-01T02:00:59Z'),
    ('00000000-0000-0000-0002-000000000001', 'noop',                       '00000000-0000-0000-0001-000000000001', '000000000001.example.com', false,    false,   '2000-01-01T02:01:58Z', '2000-01-01T02:01:59Z'),

    -- Disabled delivery kind.
    ('00000000-0000-0000-0002-000000000002', 'delivery_kind_000000000002', '00000000-0000-0000-0001-000000000000', '000000000002.example.com', true,     false,   '2000-01-01T02:02:58Z', '2000-01-01T02:02:59Z'),

    -- Deleted delivery kind.
    ('00000000-0000-0000-0002-000000000003', 'delivery_kind_000000000003', '00000000-0000-0000-0001-000000000000', '000000000003.example.com', false,    true,    '2000-01-01T02:03:58Z', '2000-01-01T02:03:59Z');

INSERT INTO message_kinds
    (id,                                     code,                        namespace_id,                           disabled, deleted, create_time,            update_time) VALUES
    ('00000000-0000-0000-0003-000000000000', 'message_kind_000000000000', '00000000-0000-0000-0001-000000000000', false,    false,   '2000-01-01T03:00:58Z', '2000-01-01T03:00:59Z'),
    ('00000000-0000-0000-0003-000000000001', 'message_kind_000000000001', '00000000-0000-0000-0001-000000000001', false,    false,   '2000-01-01T03:01:58Z', '2000-01-01T03:01:59Z'),
    ('00000000-0000-0000-0003-000000000002', 'message_kind_000000000002', '00000000-0000-0000-0001-000000000000', false,    false,   '2000-01-01T03:02:58Z', '2000-01-01T03:02:59Z'),

    -- Disabled message kind.
    ('00000000-0000-0000-0003-000000000003', 'message_kind_000000000003', '00000000-0000-0000-0001-000000000000', true,     false,   '2000-01-01T03:03:58Z', '2000-01-01T03:03:59Z'),

    -- Deleted message kind.
    ('00000000-0000-0000-0003-000000000004', 'message_kind_000000000004', '00000000-0000-0000-0001-000000000000', false,    true,    '2000-01-01T03:04:58Z', '2000-01-01T03:04:59Z');

INSERT INTO template_kinds
    (id,                                     delivery_kind_id,                       target_attr,                create_time,            update_time) VALUES
    ('00000000-0000-0000-0004-000000000000', '00000000-0000-0000-0002-000000000000', 'target_attr_000000000000', '2000-01-01T04:00:58Z', '2000-01-01T04:00:59Z'),
    ('00000000-0000-0000-0004-000000000001', '00000000-0000-0000-0002-000000000002', 'target_attr_000000000001', '2000-01-01T04:01:58Z', '2000-01-01T04:01:59Z'),

    -- Deleted template kind.
    ('00000000-0000-0000-0004-000000000002', '00000000-0000-0000-0002-000000000000', 'target_attr_000000000002', '2000-01-01T04:02:58Z', '2000-01-01T04:02:59Z');

INSERT INTO templates
    (id,                                     message_kind_id,                        template_kind_id,                       language_tag,                body,                                           create_time,            update_time) VALUES
    ('00000000-0000-0000-0005-000000000000', '00000000-0000-0000-0003-000000000000', '00000000-0000-0000-0004-000000000000', 'language_tag_000000000000', 'body_000000000000',                            '2000-01-01T05:00:58Z', '2000-01-01T05:00:59Z'),
    ('00000000-0000-0000-0005-000000000001', '00000000-0000-0000-0003-000000000001', '00000000-0000-0000-0004-000000000001', 'language_tag_000000000001', 'Body {{.key}}, in language_tag_000000000001.', '2000-01-01T05:01:58Z', '2000-01-01T05:01:59Z'),
    ('00000000-0000-0000-0005-000000000002', '00000000-0000-0000-0003-000000000001', '00000000-0000-0000-0004-000000000001', 'language_tag_000000000002', 'Body {{.key}}, in language_tag_000000000002.', '2000-01-01T05:02:58Z', '2000-01-01T05:02:59Z'),

    -- Deleted template.
    ('00000000-0000-0000-0005-000000000003', '00000000-0000-0000-0003-000000000000', '00000000-0000-0000-0004-000000000000', 'language_tag_000000000003', 'body_000000000003',                            '2000-01-01T05:03:58Z', '2000-01-01T05:03:59Z');

INSERT INTO messages
    (id,                                     message_kind_id,                        input,                                            status,      schedule_time,          create_time,            update_time) VALUES
    ('00000000-0000-0000-0006-000000000000', '00000000-0000-0000-0003-000000000000', json_build_object('key', 'value_000000000000'), 'succeeded', NULL,                   '2000-01-01T06:00:58Z', '2000-01-01T06:00:59Z'),
    ('00000000-0000-0000-0006-000000000001', '00000000-0000-0000-0003-000000000001', json_build_object('key', 'value_000000000001'), 'active',    NULL,                   '2000-01-01T06:01:58Z', '2000-01-01T06:01:59Z'),
    ('00000000-0000-0000-0006-000000000002', '00000000-0000-0000-0003-000000000001', json_build_object('key', 'value_000000000002'), 'active',    NULL,                   '2000-01-01T06:02:58Z', '2000-01-01T06:02:59Z'),
    ('00000000-0000-0000-0006-000000000003', '00000000-0000-0000-0003-000000000002', json_build_object('key', 'value_000000000003'), 'failed',    NULL,                   '2000-01-01T06:03:58Z', '2000-01-01T06:03:59Z'),
    ('00000000-0000-0000-0006-000000000004', '00000000-0000-0000-0003-000000000000', json_build_object('key', 'value_000000000004'), 'scheduled', '2000-01-01T06:04:00Z', '2000-01-01T06:04:58Z', '2000-01-01T06:04:59Z');

INSERT INTO deliveries
    (id,                                     message_id,                             delivery_kind_id,                       language_tag,                status,        status_message, deliver_time,           input,                                          output,                                                      external_id,                create_time, update_time) VALUES
    -- Delivered delivery.
    ('00000000-0000-0000-0007-000000000000', '00000000-0000-0000-0006-000000000000', '00000000-0000-0000-0002-000000000000', 'language_tag_000000000000', 'delivered',   '',             '2000-01-01T07:00:00Z', json_build_object('key', 'value_000000000000'), json_build_object('externalId', 'external_id_000000000000'), 'external_id_000000000000', '2000-01-01T07:00:58Z', '2000-01-01T07:00:59Z'),

    -- Pending delivery.
    ('00000000-0000-0000-0007-000000000001', '00000000-0000-0000-0006-000000000001', '00000000-0000-0000-0002-000000000001', 'language_tag_000000000001', 'pending',     '',             null,                   json_build_object(),                            json_build_object(),                                         '',                         '2000-01-01T07:01:58Z', '2000-01-01T07:01:59Z'),

    -- Delivering delivery.
    ('00000000-0000-0000-0007-000000000002', '00000000-0000-0000-0006-000000000002', '00000000-0000-0000-0002-000000000001', 'language_tag_000000000002', 'delivering',  '',             null,                   json_build_object(),                            json_build_object(),                                         '',                         '2000-01-01T07:02:58Z', '2000-01-01T07:02:59Z'),

    -- Undelivered delivery.
    ('00000000-0000-0000-0007-000000000003', '00000000-0000-0000-0006-000000000003', '00000000-0000-0000-0002-000000000000', 'language_tag_000000000003', 'undelivered', 'failed',       '2000-01-01T07:03:00Z', json_build_object('key', 'value_000000000000'), json_build_object(),                                         '',                         '2000-01-01T07:03:58Z', '2000-01-01T07:03:59Z'),

    -- Retry of previous delivery (same message).
    ('00000000-0000-0000-0007-000000000004', '00000000-0000-0000-0006-000000000003', '00000000-0000-0000-0002-000000000000', 'language_tag_000000000004', 'undelivered', 'failed again', '2000-01-01T07:04:01Z', json_build_object('key', 'value_000000000000'), json_build_object(),                                         '',                         '2000-01-01T07:04:58Z', '2000-01-01T07:04:59Z');
